#  longitude, latitude (or opposite), vx_mps
-3.436105703602706368e-02,3.963568687012546832e+01,9.080013527721936484e+00
-3.437710994329191277e-02,3.963569872839366326e+01,9.736760767795757943e+00
-3.439400494038431788e-02,3.963570999109713000e+01,1.075826481043942273e+01
-3.441071115610865039e-02,3.963572124675206254e+01,1.168861590778471715e+01
-3.442771581031571493e-02,3.963573223443857074e+01,1.254811065788262070e+01
-3.444494044014496936e-02,3.963574300311044851e+01,1.335044604657778322e+01
-3.446226251737705831e-02,3.963575365767561465e+01,1.410538398547985572e+01
-3.447961456863504748e-02,3.963576426118430618e+01,1.482017387960577004e+01
-3.449697410490783905e-02,3.963577486152432527e+01,1.550037509818597670e+01
-3.451434405713340453e-02,3.963578547507739813e+01,1.615036251461549810e+01
-3.453169756234695381e-02,3.963579607511114489e+01,1.677365272964034304e+01
-3.454906328777061775e-02,3.963580668080432901e+01,1.737312309437796287e+01
-3.456643750993734082e-02,3.963581729142740073e+01,1.795116368794905526e+01
-3.458380167533626343e-02,3.963582789563410103e+01,1.850978575232841195e+01
-3.460116661274462851e-02,3.963583850031563571e+01,1.905070092872232124e+01
-3.461852814129697670e-02,3.963584910299152142e+01,1.957538036810110071e+01
-3.463589228911529566e-02,3.963585970724673757e+01,2.008509963354606498e+01
-3.465325660843307509e-02,3.963587031157977947e+01,2.058097335919827842e+01
-3.467061855322277342e-02,3.963588091442403538e+01,2.106398238566453074e+01
-3.468798337987016867e-02,3.963589151896240281e+01,2.153499527721278639e+01
-3.470534792750625680e-02,3.963590212324366746e+01,2.199478558071398737e+01
-3.472270918573271137e-02,3.963591272540033827e+01,2.244404581349172290e+01
-3.474007444204625650e-02,3.963592332986320343e+01,2.288339890762275175e+01
-3.475743690900416627e-02,3.963593393252320141e+01,2.331340765435453477e+01
-3.477479963608148122e-02,3.963594453529378114e+01,2.373458256005930167e+01
-3.479216350449448880e-02,3.963595513875386445e+01,2.414738842868671398e+01
-3.480952740756311503e-02,3.963596574222444247e+01,2.455224991441229676e+01
-3.482689089363830148e-02,3.963597634542691850e+01,2.494955623489832419e+01
-3.484425479309424117e-02,3.963598694887224383e+01,2.533966519531076500e+01
-3.486161857000164011e-02,3.963599755223390275e+01,2.572290664248385639e+01
-3.487898217913868587e-02,3.963600815548504386e+01,2.609958544491940557e+01
-3.489634605834154163e-02,3.963601875889406045e+01,2.646998407587419422e+01
-3.491370983448543325e-02,3.963602936223408335e+01,2.683436486233607710e+01
-3.493107351612134703e-02,3.963603996551055531e+01,2.719297195126976163e+01
-3.494843736854767041e-02,3.963605056888612665e+01,2.754603303542521431e+01
-3.496580114941756634e-02,3.963606117221551273e+01,2.789376087371969248e+01
-3.498316489668015783e-02,3.963607177551695315e+01,2.823635463533224410e+01
-3.500052872302955587e-02,3.963608237885939900e+01,2.857400109188542814e+01
-3.501789249641079627e-02,3.963609298219386545e+01,2.890687567820198822e+01
-3.503525631777479332e-02,3.963610358550765511e+01,2.923514343893540257e+01
-3.505262090116877116e-02,3.963611418792351770e+01,2.955895987574390205e+01
-3.506998900717980122e-02,3.963612478630555103e+01,2.987847170749893877e+01
-3.508736182707136719e-02,3.963613537942715936e+01,3.019381755420561930e+01
-3.510473800777354908e-02,3.963614596852264071e+01,3.050512855379633237e+01
-3.512211475390256132e-02,3.963615655703322460e+01,3.081252891968574303e+01
-3.513949110989599001e-02,3.963616714619494275e+01,3.111613644590222805e+01
-3.515686742664794751e-02,3.963617773512279285e+01,3.141606296570276058e+01
-3.517424384576885860e-02,3.963618832404434755e+01,3.171241476880690868e+01
-3.519162033544732254e-02,3.963619891306665721e+01,3.200529298172848058e+01
-3.520899667404855243e-02,3.963620950197535819e+01,3.229479391512119690e+01
-3.522637306871530954e-02,3.963622009093305110e+01,3.258100938157252102e+01
-3.524374959256047074e-02,3.963623067993172810e+01,3.286402698686502077e+01
-3.526112597530220438e-02,3.963624126879637544e+01,3.314393039736629021e+01
-3.527850224122907469e-02,3.963625185791237016e+01,3.342079958589867772e+01
-3.529587892157167589e-02,3.963626244674477306e+01,3.369471105817092393e+01
-3.531325673440009055e-02,3.963627303398156698e+01,3.396573806161972442e+01
-3.533063647943058411e-02,3.963628361912506648e+01,3.423395077830504363e+01
-3.534801826032530486e-02,3.963629420212583909e+01,3.449941650332427656e+01
-3.536540154346284881e-02,3.963630478310489735e+01,3.476219981005391446e+01
-3.538278640444159073e-02,3.963631536239728348e+01,3.502236270338960367e+01
-3.540017285083559700e-02,3.963632594006179488e+01,3.527996476203453113e+01
-3.541756046482769094e-02,3.963633651608387254e+01,3.553506327077901261e+01
-3.543494870032905253e-02,3.963634709151708790e+01,3.578771334361971412e+01
-3.545233711290275008e-02,3.963635766693884221e+01,3.603796803848312180e+01
-3.546972534220563245e-02,3.963636824226315269e+01,3.628577396419347423e+01
-3.548711364313773819e-02,3.963637881763304449e+01,3.653060908080449565e+01
-3.550450205844534607e-02,3.963638939306208187e+01,3.677254399601665114e+01
-3.552189029926849234e-02,3.963639996838175961e+01,3.701164655991116348e+01
-3.553927861660278326e-02,3.963641054374394912e+01,3.724798201467947223e+01
-3.555666704461989125e-02,3.963642111916849586e+01,3.748161313402820838e+01
-3.557405529801428712e-02,3.963643169448238268e+01,3.771260035311776448e+01
-3.559144362958156782e-02,3.963644226983929997e+01,3.794100188980948474e+01
-3.560883207102546327e-02,3.963645284525848922e+01,3.816687385792263143e+01
-3.562622033694965579e-02,3.963646342056645011e+01,3.839027037313618962e+01
-3.564360868252449549e-02,3.963647399591833675e+01,3.861124365211189513e+01
-3.566099713746507388e-02,3.963648457133232483e+01,3.882984410536212749e+01
-3.567838541556053733e-02,3.963649514663438822e+01,3.904612042433910091e+01
-3.569577377509390581e-02,3.963650572198115185e+01,3.926011966317952329e+01
-3.571316224348783375e-02,3.963651629739041482e+01,3.947188731550077989e+01
-3.573055053273457848e-02,3.963652687268731256e+01,3.968146738661047124e+01
-3.574793890791923279e-02,3.963653744802643075e+01,3.988890246146022633e+01
-3.576532738811036977e-02,3.963654802343397421e+01,4.009423376864690169e+01
-3.578271568054440521e-02,3.963655859873550469e+01,4.029761801124746512e+01
-3.580010409993133330e-02,3.963656917402954605e+01,4.049922614431121559e+01
-3.581749256652073943e-02,3.963657974946871576e+01,4.069908861678461420e+01
-3.583488075433144404e-02,3.963659032490869549e+01,4.089723500899572173e+01
-3.585226971306170601e-02,3.963660089956427868e+01,4.109369406741249975e+01
-3.586965947612894001e-02,3.963661147354598313e+01,4.128849373762476915e+01
-3.588704893817772079e-02,3.963662204755955543e+01,4.148166119565976118e+01
-3.590443864218738346e-02,3.963663262180882896e+01,4.167322287773329492e+01
-3.592182805409836061e-02,3.963664319580200157e+01,4.186320450853114039e+01
-3.593921790101133051e-02,3.963665377007474433e+01,4.205163112810856063e+01
-3.595660747124623802e-02,3.963666434416192175e+01,4.223852711748989464e+01
-3.597399663363928801e-02,3.963667491802026888e+01,4.242391622304421617e+01
-3.599138650294746861e-02,3.963668549235146088e+01,4.260782157970803041e+01
-3.600877621367180176e-02,3.963669606630205067e+01,4.279026573312113157e+01
-3.602616524472161685e-02,3.963670664023379686e+01,4.297127066073724677e+01
-3.604355474407038018e-02,3.963671721509700774e+01,4.315085779196702020e+01
-3.606094634893030476e-02,3.963672778687641340e+01,4.332904802740717543e+01
-3.607834039732327192e-02,3.963673835497018416e+01,4.350586175720611948e+01
-3.609573618880662638e-02,3.963674892271257022e+01,4.368131887861294871e+01
-3.611313162075471123e-02,3.963675949010402633e+01,4.373862573420562683e+01
-3.613052644775727185e-02,3.963677005722945523e+01,4.313343066594732278e+01
-3.614792231486364804e-02,3.963678062496772725e+01,4.252108499966799116e+01
-3.616531771361704978e-02,3.963679119240740789e+01,4.190137134047860457e+01
-3.618271251402823546e-02,3.963680175950211293e+01,4.127397507395613729e+01
-3.620010839501024841e-02,3.963681232727042669e+01,4.063856624387977945e+01
-3.621750384601619271e-02,3.963682289470143161e+01,3.999473047128388004e+01
-3.623489857113774276e-02,3.963683346181703371e+01,3.934284268923681083e+01
-3.625229426984142439e-02,3.963684402972779708e+01,3.868289151942784798e+01
-3.626969026110651168e-02,3.963685459668565159e+01,3.801331883140917967e+01
-3.628708459221231114e-02,3.963686516427679152e+01,3.734437942614198391e+01
-3.630447940586773586e-02,3.963687573483389315e+01,3.668234535419732367e+01
-3.632188365218479847e-02,3.963688629278314579e+01,3.603227382577750149e+01
-3.633930446899365230e-02,3.963689682779629919e+01,3.537497340587350436e+01
-3.635674927987133515e-02,3.963690734056719123e+01,3.471150194510722997e+01
-3.637421588541447232e-02,3.963691782529384966e+01,3.405133522866290718e+01
-3.639171113076535707e-02,3.963692827512230110e+01,3.339991578822697704e+01
-3.640924170006940019e-02,3.963693868677564325e+01,3.273573189558140939e+01
-3.642678918841635999e-02,3.963694907634646825e+01,3.200195773891775985e+01
-3.644433711122455066e-02,3.963695946590443242e+01,3.123920580089748711e+01
-3.646188049971139933e-02,3.963696986067593997e+01,3.050408823073440345e+01
-3.647945734254254974e-02,3.963698021984771458e+01,2.979865730305131777e+01
-3.649708389625768573e-02,3.963699051529298600e+01,2.907613130629432519e+01
-3.651477179258597744e-02,3.963700074632576786e+01,2.837094761318909875e+01
-3.653252852468473477e-02,3.963701088957942176e+01,2.766978606969462717e+01
-3.655036041933353713e-02,3.963702092607726257e+01,2.696423481938990108e+01
-3.656829908407726454e-02,3.963703084903543328e+01,2.630900087372806695e+01
-3.658636725612249979e-02,3.963704060345115465e+01,2.592782304579322883e+01
-3.660467904202914513e-02,3.963705001322594512e+01,2.589551586175142361e+01
-3.662334457533417131e-02,3.963705895124777356e+01,2.586316832096316531e+01
-3.664217186002407395e-02,3.963706764970575591e+01,2.623748929464154500e+01
-3.666110841451582225e-02,3.963707615207626844e+01,2.660562949454136117e+01
-3.668022143084285341e-02,3.963708439824894469e+01,2.696784429862495003e+01
-3.669941714483562767e-02,3.963709249579498106e+01,2.732437157005384876e+01
-3.671864538191666610e-02,3.963710053824123491e+01,2.679692932289151841e+01
-3.673786865817185721e-02,3.963710859666169739e+01,2.603678523587142379e+01
-3.675704837276492359e-02,3.963711672701829514e+01,2.540229091842162745e+01
-3.677635905676594069e-02,3.963712464919904477e+01,2.529619599045514988e+01
-3.679596713662206670e-02,3.963713203439752419e+01,2.526467584092397800e+01
-3.681587752858482554e-02,3.963713882493313889e+01,2.523311631777605513e+01
-3.683600006318982212e-02,3.963714517651400371e+01,2.548770250830146367e+01
-3.685625821015338366e-02,3.963715121726482238e+01,2.586838778611469536e+01
-3.687663803765350856e-02,3.963715695545421625e+01,2.623269885336622664e+01
-3.689703998054404827e-02,3.963716264750858187e+01,2.660091714617567149e+01
-3.691744137572317008e-02,3.963716834722916360e+01,2.696320686299762670e+01
-3.693794811037887788e-02,3.963717376174715668e+01,2.728838028156508955e+01
-3.695858229712049858e-02,3.963717883549927734e+01,2.758503108017753647e+01
-3.697930342151269784e-02,3.963718366436845741e+01,2.793217734728842316e+01
-3.700005641537984502e-02,3.963718837814511886e+01,2.827421093769878624e+01
-3.702087351489592032e-02,3.963719290297516551e+01,2.861131730980926235e+01
-3.704177355843969038e-02,3.963719715883460282e+01,2.894367069603674381e+01
-3.706275145329038234e-02,3.963720112342540602e+01,2.925471542166512151e+01
-3.708381171670963733e-02,3.963720477786073815e+01,2.951479088221087110e+01
-3.710493891330995941e-02,3.963720815322416513e+01,2.981757690965095620e+01
-3.712611336494756054e-02,3.963721130920257707e+01,3.013371062154210733e+01
-3.714733311979296487e-02,3.963721423318702364e+01,3.044578491167550638e+01
-3.716859784878767670e-02,3.963721694996743850e+01,3.075392527962460676e+01
-3.718989071955162290e-02,3.963721947687525216e+01,3.105825071256129277e+01
-3.721123597964525603e-02,3.963722168033073956e+01,3.120376034924212760e+01
-3.723262637147226745e-02,3.963722359687389485e+01,3.142182509828601411e+01
-3.725402745821494721e-02,3.963722537442709637e+01,3.171810881321018627e+01
-3.727544563326110061e-02,3.963722701742038623e+01,3.201092084424821849e+01
-3.729688358470460707e-02,3.963722851576724082e+01,3.230035741218249257e+01
-3.731832876405700994e-02,3.963722987610150739e+01,3.258651024560170129e+01
-3.733978558779003226e-02,3.963723112629110545e+01,3.286946687167660031e+01
-3.736125339309686461e-02,3.963723229048968477e+01,3.314931088311257668e+01
-3.738272282621941250e-02,3.963723338342386882e+01,3.342612218362474152e+01
-3.740419842581260007e-02,3.963723440949399190e+01,3.369997721401266944e+01
-3.742567625365442185e-02,3.963723537146634612e+01,3.397094916067878501e+01
-3.744715893695426540e-02,3.963723626710650905e+01,3.423910814823040027e+01
-3.746864581657549653e-02,3.963723708298018522e+01,3.450452141762732339e+01
-3.749013498413659995e-02,3.963723785505663955e+01,3.476725349118080999e+01
-3.751162394375977954e-02,3.963723863283695437e+01,3.502736632557238750e+01
-3.753311245076397518e-02,3.963723941181741850e+01,3.528491945394010543e+01
-3.755460184054736084e-02,3.963724018895439372e+01,3.553997011797332561e+01
-3.757609049666705420e-02,3.963724096658025786e+01,3.579257339086263556e+01
-3.759757819887137725e-02,3.963724174417500734e+01,3.604278229186806470e+01
-3.761906827466850178e-02,3.963724252157132355e+01,3.629053015825018491e+01
-3.764055640326256780e-02,3.963724329869148733e+01,3.653530860622097975e+01
-3.766204449891621953e-02,3.963724407549917572e+01,3.677718818873857742e+01
-3.768353576212329914e-02,3.963724485206409298e+01,3.701623670413702882e+01
-3.770502411720503405e-02,3.963724562816841512e+01,3.725251934564766998e+01
-3.772651258388498574e-02,3.963724640390420006e+01,3.748609884061345099e+01
-3.774800363712317586e-02,3.963724717935885877e+01,3.771703558025255631e+01
-3.776949224051731613e-02,3.963724795436304760e+01,3.794538774074490561e+01
-3.779098114412364484e-02,3.963724872903615193e+01,3.817121139634120652e+01
-3.781247182500435677e-02,3.963724950346195897e+01,3.839456062512859802e+01
-3.783396072761291418e-02,3.963725027755224772e+01,3.861548760802808289e+01
-3.785545009024451901e-02,3.963725105143635119e+01,3.883404272154645298e+01
-3.787694020591787086e-02,3.963725182518113854e+01,3.905027462475826638e+01
-3.789842947776662918e-02,3.963725259879186069e+01,3.889013812161140748e+01
-3.791991927048829480e-02,3.963725337238615509e+01,3.822125264731643313e+01
-3.794140864365407734e-02,3.963725414600290264e+01,3.754231593506558085e+01
-3.796289835512148964e-02,3.963725491974493309e+01,3.685275973993758925e+01
-3.798438850538392308e-02,3.963725569369283619e+01,3.615196083294338081e+01
-3.800587700068028263e-02,3.963725646784894252e+01,3.543923314939519287e+01
-3.802736718198286570e-02,3.963725724240947557e+01,3.471380902209836705e+01
-3.804885766188784851e-02,3.963725801739511212e+01,3.397488321481154117e+01
-3.807034507468964185e-02,3.963725879276521624e+01,3.322150520199596713e+01
-3.809183540216234953e-02,3.963725956878238321e+01,3.245238779432237664e+01
-3.811332382242973993e-02,3.963726034519915942e+01,3.166615406622039330e+01
-3.813481130482090226e-02,3.963726112183944394e+01,3.086149835016364662e+01
-3.815629988345867890e-02,3.963726189850476089e+01,3.003771995190221844e+01
-3.817778697771143093e-02,3.963726267488604549e+01,2.919316908482208817e+01
-3.819927737287026615e-02,3.963726345094219283e+01,2.832594882159212801e+01
-3.822076423627305403e-02,3.963726422620516132e+01,2.743387123209890177e+01
-3.824225081505191332e-02,3.963726500056831981e+01,2.651429821811219867e+01
-3.826374366830737062e-02,3.963726577408750273e+01,2.556423195060980902e+01
-3.828522762416471797e-02,3.963726654599890509e+01,2.458042176512007515e+01
-3.830671917888030242e-02,3.963726731653254376e+01,2.355779637363815837e+01
-3.832822041417268538e-02,3.963726808586582706e+01,2.248944894564151653e+01
-3.834972613157663912e-02,3.963726885624893015e+01,2.138119474266570563e+01
-3.837124487832373199e-02,3.963726963512957013e+01,2.021225491336838331e+01
-3.839269995308201150e-02,3.963727041268892748e+01,1.897493509416558055e+01
-3.841421578916520002e-02,3.963727119361757900e+01,1.770079697690721332e+01
-3.843572185871502178e-02,3.963727206477634013e+01,1.685130143363372568e+01
-3.845711668395606492e-02,3.963727354962843918e+01,1.656831400171731516e+01
-3.847838821656208302e-02,3.963727622047181853e+01,1.630743286958633576e+01
-3.849942558983405344e-02,3.963728004661610527e+01,1.595685305583219993e+01
-3.852001343927484445e-02,3.963728513088254601e+01,1.569106153391986069e+01
-3.854005943416964619e-02,3.963729158461165980e+01,1.544431914007816964e+01
-3.855948193482022779e-02,3.963729929311625000e+01,1.507459491117257144e+01
-3.857824228398530619e-02,3.963730811417242705e+01,1.455826385568429515e+01
-3.859609890955530143e-02,3.963731813383634517e+01,1.425105451014038316e+01
-3.861271908784497803e-02,3.963732952419449873e+01,1.394627038820110698e+01
-3.862795645531088423e-02,3.963734224953204688e+01,1.361877660482855923e+01
-3.864165838973884076e-02,3.963735608187737114e+01,1.311822443800514648e+01
-3.865366198178640106e-02,3.963737096178792285e+01,1.267341643334235357e+01
-3.866352173343680365e-02,3.963738688729423387e+01,1.253363222512492570e+01
-3.867070297484261759e-02,3.963740389806043396e+01,1.240256583600284657e+01
-3.867483496037378565e-02,3.963742150279415455e+01,1.238711170488097757e+01
-3.867568632484585933e-02,3.963743928281142104e+01,1.237163826912238918e+01
-3.867346986605048331e-02,3.963745706414945147e+01,1.247841500096003564e+01
-3.866873992997919146e-02,3.963747463643714042e+01,1.292275423882905727e+01
-3.866180429232782267e-02,3.963749167384447247e+01,1.278934806554017101e+01
-3.865254294711036737e-02,3.963750782597981726e+01,1.277341198710434078e+01
-3.864059579963102092e-02,3.963752273456452002e+01,1.275745600200391117e+01
-3.862650281391567797e-02,3.963753636368471689e+01,1.305592366125924642e+01
-3.861108560420677127e-02,3.963754890129408892e+01,1.377606028187324583e+01
-3.859448253942162482e-02,3.963756034353433932e+01,1.432637813491458623e+01
-3.857695953467526334e-02,3.963757075105434069e+01,1.495038208853047657e+01
-3.855866689856545654e-02,3.963758013476663677e+01,1.551785180382969109e+01
-3.853960765651630316e-02,3.963758844012647842e+01,1.595051021266943181e+01
-3.851990706362502792e-02,3.963759555196637052e+01,1.628779758979957037e+01
-3.849951651786771151e-02,3.963760125518506783e+01,1.634857582852938762e+01
-3.847855791450130458e-02,3.963760546973963983e+01,1.636196398279145470e+01
-3.845741083204014255e-02,3.963760848108607604e+01,1.662592036514601190e+01
-3.843610898670780235e-02,3.963761096147663210e+01,1.723088876446174211e+01
-3.841470557316831180e-02,3.963761306584665789e+01,1.781389031124234634e+01
-3.839330581318380758e-02,3.963761470501131612e+01,1.837701926029536281e+01
-3.837186771824626502e-02,3.963761629127947828e+01,1.892205331335033591e+01
-3.835042825209664108e-02,3.963761794307384179e+01,1.945051693827536710e+01
-3.832900824299591974e-02,3.963761957260843616e+01,1.996372926934760272e+01
-3.830758805471735223e-02,3.963762119857354804e+01,2.046284094464444792e+01
-3.828616756306701951e-02,3.963762282920372826e+01,2.094886285267270765e+01
-3.826474804611425251e-02,3.963762445772602661e+01,2.142268886026482733e+01
-3.824332725846688735e-02,3.963762608561539480e+01,2.188511399430522175e+01
-3.822190574226907306e-02,3.963762771357983894e+01,2.233684914203289651e+01
-3.820048529729200976e-02,3.963762934115516856e+01,2.277853305188075694e+01
-3.817906377790258182e-02,3.963763096881261561e+01,2.321074221730987119e+01
-3.815764371767121216e-02,3.963763259661907057e+01,2.363399908312139885e+01
-3.813622223645189019e-02,3.963763422495613042e+01,2.404877890978851696e+01
-3.811480177691472376e-02,3.963763585381820320e+01,2.445551555478450823e+01
-3.809338355677188703e-02,3.963763748299959389e+01,2.485460637279971507e+01
-3.807196368558655314e-02,3.963763911246917360e+01,2.524641639370177870e+01
-3.805054541998439954e-02,3.963764074165462148e+01,2.563128190430739650e+01
-3.802912418952161810e-02,3.963764237063882234e+01,2.600951353481896788e+01
-3.800770609533945382e-02,3.963764399869815236e+01,2.638139893120943924e+01
-3.798628818028379484e-02,3.963764562571887495e+01,2.557362713743121319e+01
-3.796486387096599524e-02,3.963764725217910012e+01,2.458932018176767897e+01
-3.794344756297386018e-02,3.963764887671708692e+01,2.356890287452345945e+01
-3.792203105309176203e-02,3.963765049856078804e+01,2.250225858591088723e+01
-3.790059963306943031e-02,3.963765212098949320e+01,2.138668661260597759e+01
-3.787917522270248943e-02,3.963765374247772399e+01,2.022637868705484365e+01
-3.785772310853918049e-02,3.963765535449665833e+01,1.900972544514086948e+01
-3.783632533834006828e-02,3.963765699134501119e+01,1.776698197514291877e+01
-3.781487265273793252e-02,3.963765866564921225e+01,1.655283322775727584e+01
-3.779341828939701553e-02,3.963766016048138141e+01,1.530662616405722787e+01
-3.777207590562203787e-02,3.963766200893552849e+01,1.476698120622218902e+01
-3.775082726862203503e-02,3.963766492265744290e+01,1.435659788605185483e+01
-3.772964941890417923e-02,3.963766827431970086e+01,1.334214748699014308e+01
-3.770885654676639498e-02,3.963767261259410901e+01,1.247223559343231969e+01
-3.768839464574463144e-02,3.963767810655031099e+01,1.158357237620085911e+01
-3.766773372168739920e-02,3.963768319325722445e+01,1.131198297355666149e+01
-3.764843450865444641e-02,3.963769075370510109e+01,1.129788775564503922e+01
-3.763082643023316770e-02,3.963770122673484053e+01,1.128377493059270442e+01
-3.761362196095340005e-02,3.963771201383215015e+01,1.217284420875480677e+01
-3.759660010630069132e-02,3.963772302443067730e+01,1.200810762975540591e+01
-3.758111266012296309e-02,3.963773543526829712e+01,1.129724470728984898e+01
-3.756712161221278240e-02,3.963774905772303470e+01,1.048997362767078201e+01
-3.755275374123279858e-02,3.963776255184506425e+01,1.047690266880222154e+01
-3.754158085715030013e-02,3.963777787920468398e+01,1.046381538225334573e+01
-3.753266664727158280e-02,3.963779430328060016e+01,1.061399503610059547e+01
-3.752643041966929882e-02,3.963781117085978423e+01,1.060076954121641357e+01
-3.752410792945847645e-02,3.963782896248097387e+01,1.058752752561216504e+01
-3.752349793509721088e-02,3.963784696172471200e+01,1.033194295261570517e+01
-3.752547601044646519e-02,3.963786487554519056e+01,9.545882190794452882e+00
-3.753127593583283073e-02,3.963788216746708315e+01,9.533987610511537980e+00
-3.754173216917680578e-02,3.963789768762905652e+01,9.522078172029901921e+00
-3.755359950538841862e-02,3.963791262711425389e+01,1.056484960187844813e+01
-3.756538799559070579e-02,3.963792775441609706e+01,1.151129116817693898e+01
-3.757875025432966948e-02,3.963794180665665579e+01,1.228817001243276330e+01
-3.759376544795463987e-02,3.963795469453722831e+01,1.293438008872367107e+01
-3.760982553792533573e-02,3.963796671556023909e+01,1.371323962616439651e+01
-3.762644599522661781e-02,3.963797811550479366e+01,1.444838656544141209e+01
-3.764366559204326834e-02,3.963798887971146456e+01,1.514619151996241264e+01
-3.766145379899243917e-02,3.963799896919294952e+01,1.581160332625293741e+01
-3.767974237276115052e-02,3.963800842695473392e+01,1.644855767663812074e+01
-3.769835636511489202e-02,3.963801740303767218e+01,1.605705101828192838e+01
-3.771711005431650776e-02,3.963802622592324809e+01,1.524225954048010223e+01
-3.773634998905933680e-02,3.963803424185551449e+01,1.522326702871706239e+01
-3.775638133670971425e-02,3.963804078001981424e+01,1.520425079232420984e+01
-3.777668661645239290e-02,3.963804668494921657e+01,1.586708935991792480e+01
-3.779703392191949285e-02,3.963805253550707874e+01,1.531914936457605769e+01
-3.781752753053774924e-02,3.963805800052652017e+01,1.530006104478109741e+01
-3.783847852416387381e-02,3.963806199413271969e+01,1.528094888067704460e+01
-3.785967251948465367e-02,3.963806513582427016e+01,1.594041541168779297e+01
-3.788090368492096766e-02,3.963806800793611984e+01,1.657211156033579158e+01
-3.790221934565902312e-02,3.963807037707758241e+01,1.717910478624645165e+01
-3.792362272188166961e-02,3.963807220369605488e+01,1.776393116943508232e+01
-3.794508613230893751e-02,3.963807335160288403e+01,1.832871619303229593e+01
-3.796659404879732663e-02,3.963807365567483743e+01,1.864816166189663704e+01
-3.798810527547779453e-02,3.963807340037861593e+01,1.918484122781792678e+01
-3.800959826584713458e-02,3.963807296091570720e+01,1.970562452598755598e+01
-3.803109652495400422e-02,3.963807257124010164e+01,1.892503262007643627e+01
-3.805259727045805229e-02,3.963807206921881487e+01,1.834891850864428520e+01
-3.807405237496062911e-02,3.963807083909686924e+01,1.832605496602522877e+01
-3.809536503670395147e-02,3.963806843718241879e+01,1.830316286325090402e+01
-3.811652386951704108e-02,3.963806524045181590e+01,1.878107991435114954e+01
-3.813758306772702805e-02,3.963806157542178710e+01,1.931374487002197071e+01
-3.815856286861552676e-02,3.963805760530213007e+01,1.983083093384667350e+01
-3.817944811975995667e-02,3.963805334507682687e+01,2.033352977500559433e+01
-3.820027700027452816e-02,3.963804885204933015e+01,2.082288644341669226e+01
-3.822104727330875862e-02,3.963804416760194727e+01,2.129982351014610487e+01
-3.824173745085416437e-02,3.963803927866384669e+01,2.176516032203834783e+01
-3.826239228748059412e-02,3.963803424888546800e+01,2.221962852779251563e+01
-3.828301944345786911e-02,3.963802915232918167e+01,2.266388472203200877e+01
-3.830361576028661064e-02,3.963802398123046089e+01,2.309852083568401326e+01
-3.832410976272801473e-02,3.963801853377765383e+01,2.352407274521123881e+01
-3.834448374107465862e-02,3.963801277202537676e+01,2.394102746039894569e+01
-3.836481719137158075e-02,3.963800691996242875e+01,2.434982916755983595e+01
-3.838515013744516619e-02,3.963800106398880985e+01,2.475088434344460353e+01
-3.840548453331932982e-02,3.963799520765283546e+01,2.514456610885305210e+01
-3.842580372099960173e-02,3.963798932341944692e+01,2.553121795577051145e+01
-3.844612213301916437e-02,3.963798343021800008e+01,2.591115695486774584e+01
-3.846644292102260887e-02,3.963797754116183825e+01,2.628467652930958920e+01
-3.848676125276501159e-02,3.963797164735500900e+01,2.665204886450198174e+01
-3.850708693508412411e-02,3.963796576886406342e+01,2.701352701056409344e+01
-3.852737424972332847e-02,3.963795980909462457e+01,2.736934672412953162e+01
-3.854754201202433006e-02,3.963795356412155257e+01,2.767524252252560402e+01
-3.856758144704848512e-02,3.963794704151202097e+01,2.802104911967169087e+01
-3.858754791113035848e-02,3.963794036768813100e+01,2.836179209874827833e+01
-3.860752075174634507e-02,3.963793369852976411e+01,2.869765392154221928e+01
-3.862749650489389480e-02,3.963792704220539065e+01,2.902880607559584902e+01
-3.864746729487064658e-02,3.963792037697731274e+01,2.905571744262058687e+01
-3.866743517858153151e-02,3.963791370040694773e+01,2.820275160559224403e+01
-3.868739894216210312e-02,3.963790701890259527e+01,2.731438304212308665e+01
-3.870736591401720272e-02,3.963790034279846708e+01,2.642273784502555856e+01
-3.872733484517418973e-02,3.963789367178650025e+01,2.556072214792849095e+01
-3.874727336265908900e-02,3.963788693336034186e+01,2.500704542145478015e+01
-3.876706468740596934e-02,3.963787990487058721e+01,2.497588556598423892e+01
-3.878658970960333074e-02,3.963787237571645505e+01,2.494468678696080843e+01
-3.880601314409354990e-02,3.963786465845948470e+01,2.533488269947240212e+01
-3.882541845686952181e-02,3.963785691373139031e+01,2.571820717727700156e+01
-3.884476793283045404e-02,3.963784907284754411e+01,2.609496538129741694e+01
-3.886408674737951846e-02,3.963784117943249896e+01,2.646544004741974376e+01
-3.888337294437419628e-02,3.963783322680797738e+01,2.682989373926703536e+01
-3.890258620899886277e-02,3.963782515762887471e+01,2.718857081766719119e+01
-3.892172938818657529e-02,3.963781696331733428e+01,2.666636443077360852e+01
-3.894080754153263907e-02,3.963780867103321981e+01,2.589050732368484375e+01
-3.895984329990154899e-02,3.963780030104233987e+01,2.507155094806060447e+01
-3.897881442847374311e-02,3.963779183270842310e+01,2.429289508737181436e+01
-3.899768086486574137e-02,3.963778322126820797e+01,2.356654872567289871e+01
-3.901642511413609682e-02,3.963777440067573110e+01,2.285912758757809371e+01
-3.903499941251308003e-02,3.963776533868117724e+01,2.212928474730711770e+01
-3.905338224992728480e-02,3.963775603001885628e+01,2.136840719474598416e+01
-3.907157663317074869e-02,3.963774644070779374e+01,2.071741846976415147e+01
-3.908949315297567673e-02,3.963773649636938501e+01,2.006098954425396386e+01
-3.910726435513782462e-02,3.963772639561763356e+01,1.904247535796394786e+01
-3.912507062666312901e-02,3.963771632041203219e+01,1.796607232882399074e+01
-3.914269821067169891e-02,3.963770601368733537e+01,1.747011655045772827e+01
-3.915965497905626869e-02,3.963769498992853357e+01,1.700741923291949931e+01
-3.917597588403384790e-02,3.963768329356013709e+01,1.657403803803330078e+01
-3.919254371295212425e-02,3.963767181872583478e+01,1.600293987243673399e+01
-3.920827065573611464e-02,3.963765961813588490e+01,1.598299952022299131e+01
-3.922274910866829084e-02,3.963764632651415099e+01,1.596303425937786002e+01
-3.923736387193591663e-02,3.963763313125529919e+01,1.659381508674065486e+01
-3.925210983426877936e-02,3.963762008733814923e+01,1.719999016324723584e+01
-3.926672044580344079e-02,3.963760690089373639e+01,1.778407934734908125e+01
-3.928093127551018221e-02,3.963759343014334746e+01,1.751154999686468727e+01
-3.929447915397706048e-02,3.963757945711078179e+01,1.688484537571126509e+01
-3.930721384845864419e-02,3.963756496487515335e+01,1.624123079623398880e+01
-3.931910789301858167e-02,3.963754999712654836e+01,1.549223591463887040e+01
-3.933012740684876246e-02,3.963753450728325589e+01,1.469414601719383562e+01
-3.934004161329029969e-02,3.963751858816483065e+01,1.386288599186997139e+01
-3.934887919400244238e-02,3.963750228511761264e+01,1.289242841480624868e+01
-3.935659107589682681e-02,3.963748549922021880e+01,1.284930226523669283e+01
-3.936152358071703244e-02,3.963746807617486922e+01,1.283329148128624020e+01
-3.936340754135654596e-02,3.963745018561859013e+01,1.281726069735226758e+01
-3.936370787889717504e-02,3.963743222762420970e+01,1.360310460128046550e+01
-3.936425336633148087e-02,3.963741429487612322e+01,1.375447696540600262e+01
-3.936449084573551138e-02,3.963739630498156430e+01,1.328485504814626239e+01
-3.936258073300256261e-02,3.963737838800999214e+01,1.308483986061310844e+01
-3.935816726244418390e-02,3.963736083591810200e+01,1.306475085713920947e+01
-3.935297615897969531e-02,3.963734339374020976e+01,1.146203650464889812e+01
-3.934731663107417232e-02,3.963732605181751012e+01,1.144775431357579620e+01
-3.933832990650810296e-02,3.963731000139337368e+01,1.143345428180314016e+01
-3.932646969051575847e-02,3.963729491765644042e+01,1.176578925250363028e+01
-3.931482334022899650e-02,3.963727981446246673e+01,1.261985010684991693e+01
-3.930196404173605385e-02,3.963726549740447069e+01,1.333360740398142319e+01
-3.928818520265812964e-02,3.963725157053802661e+01,1.408948742812657251e+01
-3.927432642212579789e-02,3.963723779608094588e+01,1.480508262316895518e+01
-3.926014693922786486e-02,3.963722426830400991e+01,1.548598276168464771e+01
-3.924584719487992507e-02,3.963721084971565034e+01,1.613658441959881529e+01
-3.923160414051796163e-02,3.963719738950395310e+01,1.676042016055909656e+01
-3.921735657608947656e-02,3.963718393156032249e+01,1.736037937459222391e+01
-3.920309926728960531e-02,3.963717047839690366e+01,1.793886141526737177e+01
-3.918884701988788882e-02,3.963715702304641297e+01,1.849788480096353638e+01
-3.917459478460941918e-02,3.963714356819333773e+01,1.903916697294922500e+01
-3.916034134147529377e-02,3.963713011320844259e+01,1.956418377019961952e+01
-3.914608808329626127e-02,3.963711665791596062e+01,2.007421459183890633e+01
-3.913183562688603984e-02,3.963710320344326021e+01,2.057037724547980773e+01
-3.911758237445409070e-02,3.963708974832647414e+01,2.105365522296551717e+01
-3.910332883326913395e-02,3.963707629294464141e+01,2.152491932319118106e+01
-3.908907650088123964e-02,3.963706283875604441e+01,2.198494499167273375e+01
-3.907482309977493989e-02,3.963704938361747310e+01,2.243442637073084356e+01
-3.906056932760550160e-02,3.963703592818129096e+01,2.287398779254427694e+01
-3.904631717508372235e-02,3.963702247432804171e+01,2.330419326210374464e+01
-3.903206354494675318e-02,3.963700901912969243e+01,2.372555434392401352e+01
-3.901780956403357037e-02,3.963699556363889087e+01,2.413853676926616387e+01
-3.900355794838013257e-02,3.963698211040284747e+01,2.454356600889881790e+01
-3.898930349250467192e-02,3.963696865449706763e+01,2.494103200281544730e+01
-3.897504934151142797e-02,3.963695519884721818e+01,2.533129319781210853e+01
-3.896079363064808981e-02,3.963694174165429018e+01,2.571468001290112682e+01
-3.894653963984127942e-02,3.963692828633127618e+01,2.609149782869911505e+01
-3.893228733677783771e-02,3.963691483267047744e+01,2.646202957839652115e+01
-3.891803169857006167e-02,3.963690137533946967e+01,2.654961142298205701e+01
-3.890377799531964664e-02,3.963688792234059832e+01,2.559924830624624192e+01
-3.888952531977540872e-02,3.963687446914908463e+01,2.463058046032940140e+01
-3.887527377164320258e-02,3.963686100725352190e+01,2.363778403598429989e+01
-3.886100704902772235e-02,3.963684756508732221e+01,2.264363785770430582e+01
-3.884669162687778149e-02,3.963683415933385135e+01,2.161456360122921083e+01
-3.883230718333720993e-02,3.963682079863882990e+01,2.058741885438599439e+01
-3.881780807868159822e-02,3.963680750825881915e+01,1.950667960623852792e+01
-3.880325125686422821e-02,3.963679429064787030e+01,1.832163280648376613e+01
-3.878867802735769948e-02,3.963678100234783130e+01,1.705848804788600148e+01
-3.877404755700457339e-02,3.963676784585133106e+01,1.592603196676590827e+01
-3.875911048028123779e-02,3.963675499428623539e+01,1.488417826062686800e+01
-3.874339992790079568e-02,3.963674265702599797e+01,1.486563193355853763e+01
-3.872638117268485669e-02,3.963673180257821116e+01,1.484706243921514712e+01
-3.870840882936655430e-02,3.963672192482400902e+01,1.535367170949247040e+01
-3.869026720507919709e-02,3.963671227502633343e+01,1.571657366749974116e+01
-3.867125314849689799e-02,3.963670391404613724e+01,1.569694121412537058e+01
-3.865160870262445564e-02,3.963669650744811435e+01,1.625710768005868800e+01
-3.863179065093769876e-02,3.963668955571584007e+01,1.687620009205252813e+01
-3.861161848611694564e-02,3.963668325961831584e+01,1.747190585352560177e+01
-3.859117837463652695e-02,3.963667774186173887e+01,1.788001746965019834e+01
-3.857062282053071167e-02,3.963667250016413846e+01,1.679048419261018310e+01
-3.855008471714955337e-02,3.963666717256781169e+01,1.615256867218560899e+01
-3.852930652589015709e-02,3.963666271621256243e+01,1.613244187604393076e+01
-3.850812713010181437e-02,3.963665984611408533e+01,1.611228993837312018e+01
-3.848663099378332730e-02,3.963665825905133744e+01,1.633227580429539216e+01
-3.846519669925341223e-02,3.963665679831678545e+01,1.694844229195324203e+01
-3.844362460611085164e-02,3.963665555327291656e+01,1.754152102162235494e+01
-3.842216889294495369e-02,3.963665488646904578e+01,1.811378347185326021e+01
-3.840063047352715309e-02,3.963665490832806881e+01,1.866714759615290475e+01
-3.837921521874368413e-02,3.963665584634944139e+01,1.896076608430860588e+01
-3.835783346925505238e-02,3.963665777936903112e+01,1.913347581549628984e+01
-3.833658810280567153e-02,3.963666054027924446e+01,1.945678759508036038e+01
-3.831546712441746827e-02,3.963666390013568730e+01,1.996982352326500987e+01
-3.829440588428863201e-02,3.963666758588326644e+01,2.046877175391442805e+01
-3.827340484002111215e-02,3.963667140298392155e+01,2.095464164099892201e+01
-3.825248982646414081e-02,3.963667556748166021e+01,2.142832576040820314e+01
-3.823162255398243614e-02,3.963667998213630739e+01,2.189061804407478817e+01
-3.821076822503299830e-02,3.963668433527818991e+01,2.234222844357521254e+01
-3.818989441183007205e-02,3.963668867972594256e+01,2.278379490233584193e+01
-3.816901704333316991e-02,3.963669304303476792e+01,2.321589321688581009e+01
-3.814815239473701852e-02,3.963669740001584785e+01,2.363904522518342688e+01
-3.812728664197680833e-02,3.963670175660796247e+01,2.405372565649216554e+01
-3.810641982120172716e-02,3.963670611493826357e+01,2.446036790099175207e+01
-3.808555584166951891e-02,3.963671047291285277e+01,2.485936890042400194e+01
-3.806469113378789515e-02,3.963671483153132158e+01,2.525109331817821712e+01
-3.804382391094521254e-02,3.963671919134074528e+01,2.563587711454005458e+01
-3.802296041792110892e-02,3.963672355098446332e+01,2.601403062769114527e+01
-3.800209625330272512e-02,3.963672791141603113e+01,2.638584124153547350e+01
-3.798122951192340474e-02,3.963673227305169888e+01,2.675157570616039848e+01
-3.796036645666048259e-02,3.963673663457554142e+01,2.711148216469664263e+01
-3.793950262435998033e-02,3.963674099690757657e+01,2.746579193077153391e+01
-3.791863666515848941e-02,3.963674536030591611e+01,2.781472105309508080e+01
-3.789777391068235163e-02,3.963674972362024107e+01,2.815847169755237900e+01
-3.787691029954856625e-02,3.963675408765446662e+01,2.849723337218179964e+01
-3.785604523657327969e-02,3.963675845247838225e+01,2.883118401634822092e+01
-3.783518254845597700e-02,3.963676281722911199e+01,2.916049097208501095e+01
-3.781431903005850331e-02,3.963676718250907527e+01,2.948531185283278333e+01
-3.779345487439102202e-02,3.963677154819998094e+01,2.980579532252845354e+01
-3.777259194216522203e-02,3.963677591383014942e+01,3.012208179610887271e+01
-3.775172848582930563e-02,3.963678027969111639e+01,3.043430407091323886e+01
-3.773086495158634035e-02,3.963678464562192261e+01,3.074258789714469131e+01
-3.771000054867051227e-02,3.963678901163616786e+01,3.104705249443596671e+01
-3.768913436441204828e-02,3.963679337748270370e+01,3.134781102062025582e+01
-3.766827392324739038e-02,3.963679774104868159e+01,3.164497099800907876e+01
-3.764740461276516043e-02,3.963680210488181643e+01,3.193863470179644537e+01
-3.762653773508139315e-02,3.963680646632785454e+01,3.167040497110612307e+01
-3.760567954706674210e-02,3.963681082386148091e+01,3.086962859615663035e+01
-3.758480570454673236e-02,3.963681518236054302e+01,3.004978341105291051e+01
-3.756393709142832882e-02,3.963681953725325968e+01,2.920834013794766193e+01
-3.754307925209408175e-02,3.963682388768474851e+01,2.834299434301039966e+01
-3.752220267962559641e-02,3.963682823995021920e+01,2.745598782324801590e+01
-3.750133232180238169e-02,3.963683258729869152e+01,2.653934638179302752e+01
-3.748047323752538157e-02,3.963683693321163304e+01,2.559810074874355124e+01
-3.745959815707690377e-02,3.963684128352366542e+01,2.465253943492016830e+01
-3.743872312647851530e-02,3.963684561077877788e+01,2.368249515413361905e+01
-3.741786715773627592e-02,3.963684997614224415e+01,2.273489741378980966e+01
-3.739700699970001374e-02,3.963685436372390569e+01,2.214734618086948004e+01
-3.737604401952373395e-02,3.963685838020011687e+01,2.154469373420088019e+01
-3.735497723010308690e-02,3.963686198766290403e+01,2.091739449628128611e+01
-3.733386069890309161e-02,3.963686540444869166e+01,1.994371860463445500e+01
-3.731274246469640926e-02,3.963686878953173220e+01,1.876729503471093352e+01
-3.729163571072591915e-02,3.963687225352078514e+01,1.758875928305542047e+01
-3.727047482440892096e-02,3.963687546349439117e+01,1.756684293156609655e+01
-3.724911656020589434e-02,3.963687749335727517e+01,1.754489920311197437e+01
-3.722765015898089197e-02,3.963687880138493824e+01,1.811704677989200007e+01
-3.720619254896797429e-02,3.963687997207902214e+01,1.867030627866927972e+01
-3.718470287813095687e-02,3.963688085226317526e+01,1.920631335743813750e+01
-3.716321905264437231e-02,3.963688172614560301e+01,1.972647762867904575e+01
-3.714174232201317843e-02,3.963688253736354028e+01,2.023202421039849952e+01
-3.712022558510399972e-02,3.963688271001738883e+01,2.049436660782158270e+01
-3.709871781690633752e-02,3.963688231959435626e+01,2.097958136227688186e+01
-3.707723998589619596e-02,3.963688157566281944e+01,2.145265395132765818e+01
-3.705575500616872797e-02,3.963688056547149330e+01,2.191437360181194904e+01
-3.703431163115881303e-02,3.963687919571057705e+01,2.206340859917056818e+01
-3.701291516071647525e-02,3.963687743351099613e+01,2.144842859734762541e+01
-3.699157397556435828e-02,3.963687520237580486e+01,2.125006667457984477e+01
-3.697036779197013234e-02,3.963687222964514945e+01,2.107427652219877956e+01
-3.694928339302251674e-02,3.963686865964776018e+01,2.062850800032533982e+01
-3.692832126864389192e-02,3.963686463555954020e+01,2.017313831292673143e+01
-3.690754398918527635e-02,3.963686000129313669e+01,1.971512477850365741e+01
-3.688696441252126840e-02,3.963685477116646894e+01,1.928686472452805489e+01
-3.686668292373355971e-02,3.963684879185100840e+01,1.926283246053334253e+01
-3.684680112909716199e-02,3.963684192873136425e+01,1.923877017646682575e+01
-3.682699718916723070e-02,3.963683490717929203e+01,1.975800114621835846e+01
-3.680712202995511939e-02,3.963682806518303892e+01,2.026268456123871786e+01
-3.678725441923932221e-02,3.963682118628887707e+01,2.075388477199445703e+01
-3.676762836499464920e-02,3.963681386121611183e+01,2.123254053817231224e+01
-3.674825955188547322e-02,3.963680603446736939e+01,2.168487771445276380e+01
-3.672914664632831450e-02,3.963679778224788208e+01,2.214119054917521723e+01
-3.671034740685927972e-02,3.963678907221837022e+01,2.250208766275891037e+01
-3.669177074366897218e-02,3.963678000827406578e+01,2.294018720176240578e+01
-3.667336178068867497e-02,3.963677069766027472e+01,2.336901201568355191e+01
-3.665514110451468383e-02,3.963676116796358428e+01,2.378906628049177030e+01
-3.663707926147711375e-02,3.963675140883078996e+01,2.420080925032939234e+01
-3.661913989029440264e-02,3.963674148055753932e+01,2.460466069047066995e+01
-3.660127752235068505e-02,3.963673147966671451e+01,2.500100549259665783e+01
-3.658347881850411432e-02,3.963672139086261126e+01,2.539019761802541453e+01
-3.656576786340932222e-02,3.963671118969396190e+01,2.577256348483028248e+01
-3.654816857257747048e-02,3.963670086691291772e+01,2.614840489185389671e+01
-3.653065844266679962e-02,3.963669043643936618e+01,2.651800155477619469e+01
-3.651318021232066030e-02,3.963667995705885261e+01,2.688161331538799814e+01
-3.649569880337526218e-02,3.963666949519965499e+01,2.723948207414169431e+01
-3.647822765233714459e-02,3.963665902038363953e+01,2.759183348722663709e+01
-3.646078322756278467e-02,3.963664850066175660e+01,2.793887846233821648e+01
-3.644338952095014378e-02,3.963663793694872339e+01,2.828081448159914402e+01
-3.642602206394889020e-02,3.963662733990770448e+01,2.861782677545338416e+01
-3.640866310722008781e-02,3.963661671862838176e+01,2.895008936756653029e+01
-3.639132067210748556e-02,3.963660609055075668e+01,2.927776600765892567e+01
-3.637398145157979407e-02,3.963659545690980934e+01,2.960101100663163010e+01
-3.635666094499693385e-02,3.963658480447956123e+01,2.991996998622038362e+01
-3.633937395337339532e-02,3.963657411393776897e+01,3.023478055364081385e+01
-3.632211670045576435e-02,3.963656338971784976e+01,3.054557291020659804e+01
-3.630487149093244992e-02,3.963655265165427011e+01,3.085247040165827315e+01
-3.628762279840815758e-02,3.963654191798503490e+01,3.115559001688956187e+01
-3.627037363569871053e-02,3.963653118478912063e+01,3.145504284087050095e+01
-3.625312515068046526e-02,3.963652045054787720e+01,3.175093446681093923e+01
-3.623587656147558150e-02,3.963650971671125944e+01,3.204336537196407875e+01
-3.621862788335118016e-02,3.963649898290180573e+01,3.233243126091957009e+01
-3.620137927148490281e-02,3.963648824895523859e+01,3.261822337976188635e+01
-3.618413069990780717e-02,3.963647751505293115e+01,3.290082880406376376e+01
-3.616688182267947804e-02,3.963646678139631518e+01,3.318033070333264334e+01
-3.614963360717858565e-02,3.963645604715371462e+01,3.345680858422363713e+01
-3.613238542037521678e-02,3.963644531278114869e+01,3.373033851456919763e+01
-3.611513367417913678e-02,3.963643458225714511e+01,3.400099333004452262e+01
-3.609789012623418336e-02,3.963642384290642440e+01,3.426884282508823532e+01
-3.608066386947501175e-02,3.963641308392317342e+01,3.453395392952160847e+01
-3.606343953684879033e-02,3.963640232290813969e+01,3.479639087215581128e+01
-3.604621124973781537e-02,3.963639156629343319e+01,3.505621533254181088e+01
-3.602898338963706620e-02,3.963638080867593061e+01,3.531348658189747880e+01
-3.601176211442266850e-02,3.963637004181717316e+01,3.556826161414220167e+01
-3.599452524779714335e-02,3.963635929616844322e+01,3.582059526787556791e+01
-3.597728535370890018e-02,3.963634855160800186e+01,3.607054034005498266e+01
-3.596018169560843275e-02,3.963633765641595375e+01,3.626171542424983585e+01
-3.594319375654749654e-02,3.963632663850511761e+01,3.650683739242064263e+01
-3.592622941227187339e-02,3.963631559255596670e+01,3.674905239050767136e+01
-3.590929245278507570e-02,3.963630451639864560e+01,3.698842853101904637e+01
-3.589238938189378419e-02,3.963629340803668555e+01,3.722503130442608921e+01
-3.587551818055307457e-02,3.963628226326193271e+01,3.745892371953681277e+01
-3.585868882852812772e-02,3.963627107324873577e+01,3.769016643432323832e+01
-3.584188719410618534e-02,3.963625985790290684e+01,3.791881787798504888e+01
-3.582512918089830745e-02,3.963624859511133280e+01,3.814493436495745016e+01
-3.580852155313764273e-02,3.963623717673529967e+01,3.824781576852106468e+01
-3.579201990631471209e-02,3.963622565395237984e+01,3.847033142778492731e+01
-3.577552953453930901e-02,3.963621411923024596e+01,3.869044225559832029e+01
-3.575903801778639035e-02,3.963620258349870085e+01,3.890819803203591931e+01
-3.574254863210911404e-02,3.963619104961735218e+01,3.912364684822173189e+01
-3.572605855597019847e-02,3.963617951502629921e+01,3.933683518624339115e+01
-3.570956706981744111e-02,3.963616797945933001e+01,3.954315840910027902e+01
-3.569307676675247121e-02,3.963615644477476252e+01,3.888394166021799947e+01
-3.567658677620010738e-02,3.963614491042011423e+01,3.821552703572430687e+01
-3.566011172237196214e-02,3.963613338660868379e+01,3.753925766262664609e+01
-3.564363135528469950e-02,3.963612185722074344e+01,3.685566641842567748e+01
-3.562713285540730634e-02,3.963611031113057237e+01,3.616249193966288544e+01
-3.561067275524339160e-02,3.963609878689034360e+01,3.545597486204771798e+01
-3.559418007392366884e-02,3.963608723538578005e+01,3.473510099078114166e+01
-3.557769207097506020e-02,3.963607568372241019e+01,3.399941797571191415e+01
-3.556118183777088465e-02,3.963606411445263689e+01,3.325066245412350696e+01
-3.554466797132647959e-02,3.963605254619176321e+01,3.248464979344511505e+01
-3.552818431423936801e-02,3.963604099410887471e+01,3.176106338250882999e+01
-3.551166028360558391e-02,3.963602938054533098e+01,3.103203577726577223e+01
-3.549522440390807942e-02,3.963601788402053927e+01,3.028557762415086074e+01
-3.547878929835601713e-02,3.963600635315427212e+01,3.024784049024695776e+01
-3.546266775431277524e-02,3.963599456703349944e+01,3.021005621673649699e+01
-3.544666397538292352e-02,3.963598268386183321e+01,3.052116146538664765e+01
-3.543047171232384385e-02,3.963597070484722451e+01,3.082836234126679287e+01
-3.541449130521952260e-02,3.963595880366959534e+01,3.113177631846080473e+01
-3.539844478912522463e-02,3.963594679077289129e+01,3.143151493288942788e+01
-3.538238594001328480e-02,3.963593473932942857e+01,3.172768419752620161e+01
-3.536637744687654711e-02,3.963592271659157973e+01,3.202038498092711194e+01
-3.535036086766991936e-02,3.963591069523963029e+01,3.230971335296337088e+01
-3.533438312628399414e-02,3.963589871584874658e+01,3.259576090116890867e+01
-3.531834915485807663e-02,3.963588670239100509e+01,3.287861502070138897e+01
-3.530234237344991727e-02,3.963587471706957643e+01,3.315835918056110643e+01
-3.528633721588353422e-02,3.963586273955888117e+01,3.343507316840388910e+01
-3.527031608390038958e-02,3.963585075306006189e+01,3.370883331601707766e+01
-3.525429712156702422e-02,3.963583876843158293e+01,3.397971270729576077e+01
-3.523827442044754482e-02,3.963582678032101825e+01,3.424778137035255554e+01
-3.522225411436684384e-02,3.963581479382694539e+01,3.451310645521797937e+01
-3.520623423327697704e-02,3.963580280704987757e+01,3.477575239843216082e+01
-3.519021208690760461e-02,3.963579081752191513e+01,3.503578107569220634e+01
-3.517419515923442264e-02,3.963577883064658636e+01,3.529325194359947915e+01
-3.515817696613590670e-02,3.963576684125627025e+01,3.477790454003830689e+01
-3.514215659099858419e-02,3.963575484834536411e+01,3.404232117957535309e+01
-3.512614413780557748e-02,3.963574285919492723e+01,3.329264245049569837e+01
-3.511012956843249933e-02,3.963573086600375461e+01,3.252783516198726943e+01
-3.509411278457023192e-02,3.963571886842117209e+01,3.174674620235574096e+01
-3.507810600612190632e-02,3.963570687534116388e+01,3.094809069186073103e+01
-3.506209648349764563e-02,3.963569487696010185e+01,3.013039739992983357e+01
-3.504608513154900545e-02,3.963568287373781374e+01,2.929199641874240356e+01
-3.503008509860774944e-02,3.963567087532433675e+01,2.843114592299874133e+01
-3.501408160007542930e-02,3.963565887036035917e+01,2.754547035660989351e+01
-3.499807738654905909e-02,3.963564686081252830e+01,2.663218791721552137e+01
-3.498208519944773914e-02,3.963563485624114691e+01,2.568949390183852799e+01
-3.496608869788467300e-02,3.963562284365254129e+01,2.471323724518716602e+01
-3.495009298991937075e-02,3.963561082664539725e+01,2.369818027071432454e+01
-3.493408664930499480e-02,3.963559879921799478e+01,2.264641818123779160e+01
-3.491807111410340919e-02,3.963558677605924885e+01,2.155789567779897098e+01
-3.490207156260304727e-02,3.963557478993365635e+01,2.041874362685022959e+01
-3.488598741926381835e-02,3.963556277492411084e+01,1.922360942054440613e+01
-3.486993628611553125e-02,3.963555083229804410e+01,1.794909616723942847e+01
-3.485390544078829228e-02,3.963553893069705936e+01,1.657572871097389466e+01
-3.483778224528864820e-02,3.963552695133411419e+01,1.515010030254355300e+01
-3.482167733608870080e-02,3.963551512565836532e+01,1.361232835037020195e+01
-3.480571653720611336e-02,3.963550311609915155e+01,1.197483551027280058e+01
-3.478974340297882190e-02,3.963549107185314568e+01,1.162376802662278408e+01
-3.477205930441903958e-02,3.963548094997109672e+01,1.160928431110867898e+01
-3.475253546041048164e-02,3.963547357361562717e+01,1.159478250315934389e+01
-3.473188306054961205e-02,3.963546832450322199e+01,1.210749547796087633e+01
-3.471101481324906368e-02,3.963546415754826313e+01,1.293823400263550027e+01
-3.468980348882066272e-02,3.963546104562348660e+01,1.371686563755743649e+01
-3.466843072013491706e-02,3.963545876160447534e+01,1.445181953551241527e+01
-3.464701248982421378e-02,3.963545686378648014e+01,1.514945818801408883e+01
-3.462551422603319523e-02,3.963545558210294928e+01,1.581472473629140829e+01
-3.460406449427350789e-02,3.963545520593521587e+01,1.639393066159275136e+01
-3.458259978511674798e-02,3.963545586321307468e+01,1.589033739430925252e+01
-3.456120700580213312e-02,3.963545751267584194e+01,1.527724080884752667e+01
-3.453999782135615954e-02,3.963546027573138275e+01,1.470165324496674941e+01
-3.451901677503080995e-02,3.963546432151897392e+01,1.411167927156417612e+01
-3.449845519643699593e-02,3.963546957690217454e+01,1.352220454904351143e+01
-3.447816621716023183e-02,3.963547558043163832e+01,1.223510659731519645e+01
-3.445813785035806848e-02,3.963548222143477062e+01,1.094680611796583136e+01
-3.443891117209653407e-02,3.963549017725857482e+01,1.075146119561276059e+01
-3.442164353477753652e-02,3.963550081032568784e+01,1.073806441197413797e+01
-3.440727318312535726e-02,3.963551408959292388e+01,1.072465089364889401e+01
-3.439438291633629963e-02,3.963552851166301849e+01,1.165776221517361044e+01
-3.438111549453426452e-02,3.963554261926763900e+01,1.066686532698078871e+01
-3.436811538961986184e-02,3.963555692347931370e+01,8.627047169096444534e+00
-3.435399011408518666e-02,3.963557078775926357e+01,6.000484451734644509e+00
-3.434125131363171407e-02,3.963558493979746800e+01,5.993007589709637983e+00
-3.433742422679279122e-02,3.963560275213734485e+01,5.985521387909781055e+00
-3.433708533858741835e-02,3.963562116598777862e+01,7.543836643355914084e+00
-3.433769818327602613e-02,3.963563829685340067e+01,8.492111642398958438e+00
-3.433943909303935338e-02,3.963565547260657240e+01,8.481530105597741453e+00
-3.434754875945627423e-02,3.963567229452291230e+01,8.470935350795313568e+00
